{
  "main": {
    "id": "26beb58aff40f558",
    "type": "split",
    "children": [
      {
        "id": "2bcbba454da908f2",
        "type": "tabs",
        "children": [
          {
            "id": "b81ce7d3c76434c0",
            "type": "leaf",
            "state": {
              "type": "markdown",
              "state": {
                "file": "12 - Despliegue y gestión de la Infra/02 - CDK.md",
                "mode": "source",
                "source": false
              }
            }
          },
          {
            "id": "952be46b337a060a",
            "type": "leaf",
            "state": {
              "type": "markdown",
              "state": {
                "file": "08 - S3/9. Modelo de Responsabilidad compartida en S3.md",
                "mode": "source",
                "source": false
              }
            }
          }
        ]
      }
    ],
    "direction": "vertical"
  },
  "left": {
    "id": "784155e9dc91275d",
    "type": "split",
    "children": [
      {
        "id": "29498e0efdc027de",
        "type": "tabs",
        "children": [
          {
            "id": "361d314ca93a8e47",
            "type": "leaf",
            "state": {
              "type": "file-explorer",
              "state": {
                "sortOrder": "alphabetical"
              }
            }
          },
          {
            "id": "edc72f08f8cc6164",
            "type": "leaf",
            "state": {
              "type": "search",
              "state": {
                "query": "",
                "matchingCase": false,
                "explainSearch": false,
                "collapseAll": false,
                "extraContext": false,
                "sortOrder": "alphabetical"
              }
            }
          },
          {
            "id": "ef2ec79ddd06b9a0",
            "type": "leaf",
            "state": {
              "type": "bookmarks",
              "state": {}
            }
          }
        ]
      }
    ],
    "direction": "horizontal",
    "width": 282.5086555480957,
    "collapsed": true
  },
  "right": {
    "id": "dc092fffb171a180",
    "type": "split",
    "children": [
      {
        "id": "8283970bd8b4620b",
        "type": "tabs",
        "children": [
          {
            "id": "ea595f971000ef4b",
            "type": "leaf",
            "state": {
              "type": "backlink",
              "state": {
                "file": "12 - Despliegue y gestión de la Infra/02 - CDK.md",
                "collapseAll": false,
                "extraContext": false,
                "sortOrder": "alphabetical",
                "showSearch": false,
                "searchQuery": "",
                "backlinkCollapsed": false,
                "unlinkedCollapsed": true
              }
            }
          },
          {
            "id": "4b4d4145c6decfdc",
            "type": "leaf",
            "state": {
              "type": "outgoing-link",
              "state": {
                "file": "12 - Despliegue y gestión de la Infra/02 - CDK.md",
                "linksCollapsed": false,
                "unlinkedCollapsed": true
              }
            }
          },
          {
            "id": "f6fdb61b27b7f8e7",
            "type": "leaf",
            "state": {
              "type": "tag",
              "state": {
                "sortOrder": "frequency",
                "useHierarchy": true
              }
            }
          },
          {
            "id": "3666837e02df795f",
            "type": "leaf",
            "state": {
              "type": "outline",
              "state": {
                "file": "12 - Despliegue y gestión de la Infra/02 - CDK.md"
              }
            }
          }
        ],
        "currentTab": 1
      }
    ],
    "direction": "horizontal",
    "width": 300,
    "collapsed": true
  },
  "left-ribbon": {
    "hiddenItems": {
      "switcher:Abrir selector rápido": false,
      "graph:Abrir vista gráfica": false,
      "canvas:Crear nuevo lienzo": false,
      "daily-notes:Abrir la nota de hoy": false,
      "command-palette:Abrir paleta de comandos": false,
      "templates:Insertar plantilla": false
    }
  },
  "active": "b81ce7d3c76434c0",
  "lastOpenFiles": [
    "12 - Despliegue y gestión de la Infra/01- CloudFormation.md",
    "12 - Despliegue y gestión de la Infra/02 - CDK.md",
    "Pasted image 20241013133735.png",
    "Pasted image 20241013133527.png",
    "Pasted image 20241013133523.png",
    "Pasted image 20241013132727.png",
    "11 - Otros Servicios de Computación/Otros servicios.md",
    "12 - Despliegue y gestión de la Infra",
    "Pasted image 20241010135130.png",
    "Pasted image 20241010134352.png",
    "Pasted image 20241010134206.png",
    "Pasted image 20241009214923.png",
    "Pasted image 20241009213139.png",
    "Pasted image 20241009212854.png",
    "08 - S3/9. Modelo de Responsabilidad compartida en S3.md",
    "06 - RDS + Aurora + Elastic Caché/a. Amazon RDS.md",
    "11 - Otros Servicios de Computación/Sin nombre/Sin título.md",
    "11 - Otros Servicios de Computación/Sin nombre",
    "11 - Otros Servicios de Computación",
    "06 - RDS + Aurora + Elastic Caché/e. Bases de datos y Analítica.md",
    "06 - RDS + Aurora + Elastic Caché/d. Amazon ElastiCache.md",
    "08 - S3/10. Familia AWS SNOW.md",
    "08 - S3/1. Intro S3.md",
    "08 - S3/7. S3 Object Lock y Glacier Vault Lock.md",
    "08 - S3/6. Clases de Almacenamiento.md",
    "08 - S3/8. Cifrado en S3.md",
    "08 - S3/3. Alojamiento de sitios web.md",
    "08 - S3/12. Resumen.md",
    "08 - S3/11. AWS Storage Gateway.md",
    "05 - Fund. AWS - ELB + ASG/b. ELB.md",
    "05 - Fund. AWS - ELB + ASG/d. GWLB (Gateway Load Balancer).md",
    "05 - Fund. AWS - ELB + ASG/c. NLB (Network Load Balancer).md",
    "05 - Fund. AWS - ELB + ASG/a. Alta Disponibilidad y Escalabilidad.md",
    "05 - Fund. AWS - ELB + ASG/i. Auto Scaling Group.md",
    "Sin título 5.md",
    "08 - S3/5. Replicación (CRR & SRR) en S3.md",
    "08 - S3/2. Seguridad S3.md",
    "04 - Almacenamiento en EC2/c. EFS (Elastic File System).md",
    "04 - Almacenamiento en EC2/b. AMI (Amazon Machine Image).md",
    "10  - Cloud Formation",
    "09 - CLI, SDK, roles y políticas IAM",
    "08 - S3",
    "07 - VPC",
    "06 - RDS + Aurora + Elastic Caché",
    "05 - Fund. AWS - ELB + ASG",
    "04 - Almacenamiento en EC2"
  ]
}